miRNA_ID,n_samples,n_disease,n_benign,accuracy,auc,mean_prob
hsa-mir-8078,40,8,32,0.825,0.5781,0.4364
hsa-mir-3648-2,18,6,12,0.6667,0.4306,0.271
hsa-mir-1234,11,1,10,0.9091,0.1,0.183
hsa-mir-3689b,11,6,5,0.5455,0.5667,0.7724
hsa-mir-9901,11,0,11,0.0909,,0.6805
hsa-mir-4538,8,5,3,0.625,0.0,0.9392
hsa-mir-518d,8,5,3,0.625,0.8,0.9449
hsa-mir-4537,8,8,0,0.0,,0.3578
hsa-mir-6859-2,8,0,8,1.0,,0.3538
hsa-mir-548i-2,8,5,3,0.375,0.5333,0.3352
hsa-mir-758,8,8,0,1.0,,0.7548
hsa-mir-3689f,7,1,6,0.1429,0.0,0.7303
hsa-mir-518b,7,7,0,1.0,,0.6039
hsa-mir-3648-1,7,0,7,1.0,,0.4043
hsa-mir-1307,7,6,1,0.8571,0.3333,0.7554
hsa-mir-639,7,4,3,0.4286,0.1667,0.767
hsa-mir-632,7,7,0,1.0,,0.6653
hsa-mir-1299,7,0,7,0.0,,0.76
hsa-mir-3655,7,5,2,0.2857,0.0,0.3907
hsa-mir-182,7,6,1,0.1429,0.6667,0.1222
hsa-mir-409,7,7,0,0.5714,,0.4904
hsa-mir-323b,7,4,3,0.5714,0.75,0.9917
hsa-mir-382,6,6,0,0.5,,0.4954
hsa-mir-518e,6,6,0,1.0,,0.8779
hsa-mir-516a-2,6,4,2,0.6667,0.5,0.9386
hsa-mir-3180-4,6,0,6,1.0,,0.4646
hsa-mir-181b-1,6,6,0,1.0,,0.9029
hsa-mir-6859-3,6,0,6,1.0,,0.2366
hsa-mir-4477a,6,0,6,1.0,,0.3216
hsa-mir-520a,6,6,0,1.0,,0.6272
hsa-mir-5004,6,6,0,0.3333,,0.45
hsa-mir-3199-2,6,0,6,0.1667,,0.5743
hsa-mir-656,6,6,0,0.1667,,0.4786
hsa-mir-520e,6,6,0,1.0,,0.8554
hsa-mir-1302-3,6,3,3,0.5,0.8889,0.4122
hsa-mir-4465,6,0,6,1.0,,0.1677
hsa-mir-181d,6,6,0,0.0,,0.4783
hsa-mir-4477b,6,0,6,1.0,,0.3585
hsa-mir-323a,6,6,0,1.0,,0.9575
hsa-mir-663b,6,5,1,0.8333,0.0,0.5916
hsa-mir-1294,6,4,2,0.6667,0.375,0.637
hsa-mir-663a,6,6,0,1.0,,0.931
hsa-mir-3199-1,6,0,6,1.0,,0.3296
hsa-mir-4440,6,3,3,0.1667,0.1111,0.5853
hsa-mir-555,6,6,0,0.3333,,0.4889
hsa-mir-3939,5,2,3,0.6,0.1667,0.4131
hsa-mir-520b,5,4,1,0.2,1.0,0.3397
hsa-mir-93,5,4,1,0.2,1.0,0.4573
hsa-mir-762,5,5,0,0.8,,0.502
hsa-mir-520h,5,3,2,0.6,0.1667,0.9581
hsa-mir-518f,5,5,0,1.0,,0.9727
hsa-mir-410,5,5,0,0.8,,0.5588
hsa-mir-629,5,3,2,0.4,0.3333,0.3953
hsa-mir-8074,5,1,4,0.2,0.0,0.4822
hsa-mir-10b,5,5,0,0.8,,0.61
hsa-mir-650,5,2,3,0.2,0.1667,0.4971
hsa-mir-541,5,5,0,0.4,,0.4893
hsa-mir-513a-2,5,5,0,0.2,,0.4648
hsa-mir-211,5,4,1,0.2,0.25,0.1264
hsa-mir-506,5,5,0,0.0,,0.4192
hsa-mir-7-2,5,4,1,0.2,0.5,0.3053
hsa-mir-223,5,5,0,1.0,,0.7246
hsa-mir-1283-2,5,5,0,1.0,,0.8776
hsa-mir-379,5,5,0,0.0,,0.2359
hsa-mir-888,5,3,2,0.4,0.3333,0.5419
hsa-mir-517c,5,5,0,1.0,,0.9215
hsa-mir-105-1,5,5,0,1.0,,0.7149
hsa-mir-519a-1,5,5,0,1.0,,0.8896
hsa-mir-527,5,5,0,1.0,,0.8177
hsa-mir-524,5,5,0,1.0,,0.8564
hsa-mir-411,5,5,0,0.0,,0.4219
hsa-mir-4260,5,4,1,0.2,0.0,0.1801
hsa-mir-1179,5,5,0,1.0,,0.834
hsa-mir-548i-1,5,3,2,0.6,0.0,0.6373
hsa-mir-1324,5,0,5,1.0,,0.4326
hsa-mir-4472-2,5,0,5,1.0,,0.3345
hsa-mir-424,5,5,0,0.4,,0.47
hsa-mir-4507,5,5,0,0.0,,0.3411
hsa-mir-711,5,5,0,0.2,,0.4558
hsa-mir-431,5,5,0,0.8,,0.5316
hsa-mir-1287,5,5,0,0.6,,0.5323
hsa-mir-585,5,0,5,0.0,,0.7304
hsa-mir-489,5,5,0,0.2,,0.4242
hsa-mir-4273,5,1,4,1.0,1.0,0.4831
hsa-mir-516b-1,5,4,1,0.8,1.0,0.9781
hsa-mir-658,5,2,3,0.4,0.5,0.5969
hsa-mir-542,4,4,0,0.0,,0.3241
hsa-mir-518a-1,4,4,0,1.0,,0.9571
hsa-mir-1293,4,1,3,0.75,0.0,0.3879
hsa-mir-1247,4,4,0,1.0,,0.6927
hsa-mir-654,4,3,1,0.75,1.0,0.8971
hsa-mir-548h-3,4,0,4,0.5,,0.51
hsa-mir-3908,4,1,3,0.25,0.6667,0.8916
hsa-mir-3689a,4,3,1,0.25,0.6667,0.3542
hsa-mir-3175,4,1,3,0.5,0.3333,0.605
hsa-mir-569,4,3,1,0.25,0.0,0.3662
hsa-mir-373,4,4,0,1.0,,0.6399
hsa-mir-148b,4,4,0,0.75,,0.5637
hsa-mir-4783,4,1,3,0.25,0.0,0.6894
hsa-mir-433,4,4,0,0.0,,0.3032
hsa-mir-4539,4,3,1,0.75,0.6667,0.5015
hsa-mir-655,4,4,0,1.0,,0.7452
hsa-mir-4719,4,0,4,1.0,,0.3844
hsa-mir-124-2,4,4,0,1.0,,0.9356
hsa-mir-3652,4,3,1,0.25,0.6667,0.1135
hsa-mir-3195,4,2,2,0.75,0.75,0.5535
hsa-mir-939,4,4,0,1.0,,0.6727
hsa-mir-208b,4,4,0,0.0,,0.4288
hsa-mir-142,4,4,0,0.5,,0.4385
hsa-mir-320a,4,4,0,0.0,,0.2036
hsa-mir-3936,4,1,3,0.25,0.0,0.8573
hsa-mir-595,4,2,2,0.5,1.0,0.2268
hsa-mir-5189,4,0,4,0.0,,0.7557
hsa-mir-3615,4,3,1,0.75,1.0,0.6318
hsa-mir-7-3,4,3,1,0.75,1.0,0.7631
hsa-mir-4482,4,1,3,0.25,0.0,0.6403
hsa-mir-4741,4,0,4,1.0,,0.4077
hsa-mir-499a,4,1,3,0.25,0.3333,0.7095
hsa-mir-940,4,4,0,0.0,,0.4096
hsa-mir-523,4,4,0,1.0,,0.9624
hsa-mir-4289,4,0,4,1.0,,0.2701
hsa-mir-659,4,4,0,0.5,,0.4945
hsa-mir-29b-1,4,4,0,1.0,,0.8247
hsa-mir-154,4,4,0,1.0,,0.8819
hsa-mir-509-2,4,3,1,0.75,0.0,0.6873
hsa-mir-516a-1,4,4,0,1.0,,0.9119
hsa-mir-943,4,4,0,0.5,,0.5022
hsa-mir-8055,4,0,4,0.0,,0.586
hsa-mir-144,4,4,0,0.25,,0.4836
hsa-mir-127,4,4,0,0.0,,0.3096
hsa-mir-890,4,3,1,0.75,0.6667,0.5636
hsa-mir-7108,4,1,3,1.0,1.0,0.4986
hsa-mir-485,4,4,0,0.0,,0.3963
hsa-mir-30e,4,3,1,0.5,0.6667,0.5076
hsa-mir-498,4,4,0,1.0,,0.59
hsa-mir-3661,4,4,0,1.0,,0.6303
hsa-mir-136,4,4,0,0.0,,0.2334
hsa-mir-23a,4,4,0,0.0,,0.2084
hsa-mir-671,4,4,0,0.75,,0.5085
hsa-mir-1302-9,4,1,3,0.75,1.0,0.4071
hsa-mir-519d,4,3,1,0.75,1.0,0.7367
hsa-mir-6511b-1,4,3,1,0.25,0.0,0.5473
hsa-mir-892b,4,3,1,0.75,0.6667,0.5647
hsa-mir-1251,4,4,0,0.0,,0.4196
hsa-mir-4743,4,2,2,0.5,0.5,0.4439
hsa-mir-11400,4,1,3,0.75,1.0,0.5433
hsa-mir-6084,4,4,0,0.0,,0.391
hsa-mir-218-2,4,4,0,0.0,,0.4607
hsa-mir-4669,4,0,4,0.0,,0.7374
hsa-mir-21,4,4,0,0.0,,0.4166
hsa-mir-196a-2,4,3,1,0.25,0.3333,0.4439
hsa-mir-133b,4,4,0,1.0,,0.6385
hsa-mir-662,4,2,2,0.5,0.25,0.5291
hsa-mir-3909,4,2,2,0.5,0.75,0.4172
hsa-mir-520c,4,3,1,0.75,0.6667,0.9827
hsa-mir-4285,4,0,4,1.0,,0.4145
hsa-mir-10394,4,4,0,0.0,,0.4325
hsa-mir-10527,4,1,3,0.5,0.0,0.4829
hsa-mir-4706,4,0,4,0.0,,0.6446
hsa-mir-1304,4,1,3,0.25,1.0,0.7476
hsa-mir-99a,4,4,0,1.0,,0.7102
hsa-mir-526a-2,4,3,1,1.0,1.0,0.5512
hsa-mir-604,4,0,4,0.0,,0.5974
hsa-mir-329-2,4,4,0,1.0,,0.9108
hsa-mir-9718,4,4,0,0.0,,0.357
hsa-mir-190b,3,3,0,1.0,,0.5672
hsa-mir-450a-2,3,3,0,0.0,,0.3637
hsa-mir-3126,3,0,3,0.0,,0.5145
hsa-mir-675,3,3,0,0.0,,0.317
hsa-mir-3170,3,0,3,1.0,,0.2011
hsa-mir-3192,3,1,2,0.3333,0.5,0.585
hsa-mir-6759,3,3,0,0.0,,0.2121
hsa-mir-636,3,2,1,0.6667,0.5,0.4145
hsa-mir-1262,3,0,3,1.0,,0.4646
hsa-mir-1289-1,3,3,0,1.0,,0.8948
hsa-mir-612,3,3,0,0.0,,0.3357
hsa-mir-329-1,3,3,0,0.0,,0.2135
hsa-mir-500b,3,2,1,0.6667,0.0,0.769
hsa-mir-1268b,3,0,3,1.0,,0.3454
hsa-mir-1178,3,1,2,0.6667,0.0,0.2628
hsa-mir-548ad,3,0,3,1.0,,0.2567
hsa-mir-1233-2,3,0,3,1.0,,0.1543
hsa-mir-300,3,3,0,0.3333,,0.4708
hsa-mir-1909,3,2,1,0.6667,0.0,0.7399
hsa-mir-1238,3,3,0,0.0,,0.4204
hsa-mir-135a-1,3,3,0,1.0,,0.6407
hsa-mir-6076,3,0,3,0.0,,0.527
hsa-mir-607,3,1,2,0.6667,0.0,0.4181
hsa-mir-1265,3,0,3,1.0,,0.2171
hsa-mir-3689c,3,0,3,0.0,,0.5717
hsa-mir-95,3,3,0,0.6667,,0.5053
hsa-mir-4746,3,2,1,0.3333,1.0,0.4142
hsa-mir-520g,3,3,0,1.0,,0.8
hsa-mir-653,3,3,0,0.0,,0.3727
hsa-mir-328,3,2,1,0.3333,1.0,0.4682
hsa-mir-222,3,3,0,0.3333,,0.4556
hsa-mir-134,3,3,0,0.0,,0.4907
hsa-mir-519b,3,3,0,1.0,,0.8591
hsa-mir-3679,3,0,3,0.0,,0.5095
hsa-mir-548j,3,2,1,0.6667,1.0,0.4829
hsa-mir-487b,3,3,0,0.6667,,0.5075
hsa-mir-501,3,1,2,0.3333,0.0,0.7199
hsa-mir-200a,3,3,0,1.0,,0.7599
hsa-mir-664a,3,2,1,1.0,1.0,0.5129
hsa-mir-2392,3,0,3,1.0,,0.4174
hsa-mir-765,3,3,0,1.0,,0.6886
hsa-mir-4694,3,0,3,0.6667,,0.4929
hsa-mir-635,3,2,1,0.3333,0.5,0.6279
hsa-mir-5700,3,0,3,1.0,,0.1645
hsa-mir-4467,3,0,3,1.0,,0.3643
hsa-mir-8088,3,0,3,0.0,,0.7162
hsa-mir-518c,3,3,0,1.0,,0.9561
hsa-mir-3689d-2,3,2,1,0.6667,0.5,0.9175
hsa-mir-519c,3,3,0,1.0,,0.9016
hsa-mir-8071-2,3,0,3,1.0,,0.2703
hsa-mir-4431,3,0,3,1.0,,0.3748
hsa-mir-4709,3,3,0,0.3333,,0.4149
hsa-mir-548i-3,3,1,2,0.3333,1.0,0.738
hsa-mir-221,3,3,0,1.0,,0.9256
hsa-mir-6886,3,3,0,0.0,,0.3955
hsa-mir-602,3,1,2,0.3333,0.0,0.796
hsa-mir-548al,3,0,3,0.6667,,0.4325
hsa-mir-4762,3,0,3,1.0,,0.3187
hsa-mir-518a-2,3,3,0,1.0,,0.9511
hsa-mir-5196,3,3,0,1.0,,0.9257
hsa-mir-8485,3,0,3,1.0,,0.4307
hsa-mir-8061,3,2,1,0.3333,1.0,0.3252
hsa-mir-3074,3,3,0,0.0,,0.2305
hsa-mir-1285-2,3,1,2,0.6667,0.5,0.3485
hsa-mir-514a-1,3,1,2,0.3333,1.0,0.6235
hsa-mir-587,3,3,0,1.0,,0.6931
hsa-mir-371a,3,3,0,0.6667,,0.5255
hsa-mir-26a-1,3,3,0,0.6667,,0.505
hsa-mir-3143,3,1,2,0.6667,0.0,0.215
hsa-mir-503,3,3,0,0.3333,,0.4629
hsa-mir-16-1,3,1,2,0.6667,1.0,0.695
hsa-mir-548ap,3,0,3,1.0,,0.131
hsa-mir-8058,3,0,3,1.0,,0.2252
hsa-mir-548ao,3,1,2,0.6667,1.0,0.5843
hsa-mir-2114,3,1,2,0.6667,0.5,0.2399
hsa-mir-8071-1,3,0,3,1.0,,0.1678
hsa-mir-1182,3,3,0,0.0,,0.4711
hsa-mir-618,3,2,1,1.0,1.0,0.5419
hsa-mir-4738,3,1,2,0.6667,0.0,0.1246
hsa-mir-497,3,3,0,1.0,,0.9497
hsa-mir-647,3,0,3,1.0,,0.1772
hsa-mir-3118-2,3,0,3,0.0,,0.6434
hsa-mir-1231,3,1,2,0.3333,1.0,0.6565
hsa-mir-30d,3,3,0,0.0,,0.3329
hsa-mir-6719,3,1,2,0.3333,0.0,0.5471
hsa-mir-510,3,3,0,0.0,,0.4617
hsa-mir-4632,3,3,0,0.0,,0.2079
hsa-mir-5589,3,1,2,0.6667,0.5,0.1532
hsa-mir-299,3,3,0,0.0,,0.4035
hsa-mir-522,3,3,0,1.0,,0.7341
hsa-mir-770,3,3,0,1.0,,0.7071
hsa-mir-3117,3,2,1,0.3333,0.5,0.2657
hsa-mir-6511b-2,3,0,3,1.0,,0.2289
hsa-mir-4522,3,1,2,0.3333,0.0,0.7602
hsa-mir-122,3,2,1,0.6667,0.5,0.7247
hsa-mir-449a,3,2,1,0.6667,0.5,0.6085
hsa-mir-578,3,2,1,0.3333,0.0,0.135
hsa-mir-1279,3,3,0,0.0,,0.2914
hsa-mir-106b,3,2,1,0.6667,1.0,0.6688
hsa-mir-106a,3,2,1,0.6667,0.0,0.795
hsa-mir-516b-2,3,3,0,1.0,,0.8189
hsa-mir-12113,3,0,3,1.0,,0.4023
hsa-mir-638,3,3,0,0.0,,0.3632
hsa-mir-4485,3,2,1,0.3333,0.0,0.3936
hsa-mir-11401,3,0,3,1.0,,0.358
hsa-mir-548ak,3,0,3,1.0,,0.337
hsa-mir-621,3,1,2,0.3333,1.0,0.6546
hsa-mir-449b,3,2,1,0.3333,0.0,0.3751
hsa-mir-202,3,0,3,0.3333,,0.5155
hsa-mir-6741,3,2,1,0.3333,0.0,0.2952
hsa-mir-181a-1,3,3,0,1.0,,0.6529
hsa-mir-6529,3,0,3,0.0,,0.8298
hsa-mir-521-2,3,2,1,0.6667,1.0,0.8999
hsa-mir-369,3,3,0,0.6667,,0.5864
hsa-mir-543,3,3,0,1.0,,0.6656
hsa-mir-6796,3,0,3,1.0,,0.2478
hsa-mir-590,3,2,1,0.0,0.0,0.4777
hsa-mir-6859-1,3,0,3,1.0,,0.1664
hsa-mir-525,3,2,1,0.6667,0.0,0.8001
hsa-mir-194-2,2,1,1,0.5,0.0,0.4504
hsa-mir-7706,2,0,2,0.0,,0.6393
hsa-mir-6811,2,0,2,1.0,,0.3258
hsa-mir-4293,2,0,2,1.0,,0.403
hsa-mir-580,2,1,1,0.0,0.0,0.5235
hsa-mir-98,2,2,0,1.0,,0.5588
hsa-mir-520d,2,2,0,1.0,,0.9134
hsa-mir-1248,2,2,0,0.0,,0.3955
hsa-mir-125b-1,2,2,0,1.0,,0.5327
hsa-mir-4799,2,0,2,0.0,,0.6763
hsa-mir-217,2,0,2,1.0,,0.2274
hsa-mir-4281,2,1,1,0.5,1.0,0.2769
hsa-mir-3662,2,1,1,0.5,1.0,0.188
hsa-mir-539,2,2,0,1.0,,0.7289
hsa-mir-190a,2,2,0,1.0,,0.6022
hsa-mir-6755,2,2,0,0.5,,0.5415
hsa-mir-1229,2,1,1,0.5,0.0,0.2562
hsa-mir-6846,2,2,0,0.0,,0.3408
hsa-mir-4277,2,0,2,1.0,,0.273
hsa-mir-1185-2,2,2,0,1.0,,0.7221
hsa-mir-4497,2,1,1,0.5,0.0,0.5407
hsa-mir-496,2,2,0,1.0,,0.986
hsa-mir-3928,2,0,2,1.0,,0.2644
hsa-mir-1228,2,1,1,0.5,1.0,0.4029
hsa-mir-3180-5,2,0,2,0.5,,0.5188
hsa-mir-452,2,2,0,0.0,,0.396
hsa-mir-183,2,2,0,0.5,,0.4748
hsa-mir-337,2,2,0,0.0,,0.4608
hsa-mir-3911,2,1,1,0.5,0.0,0.442
hsa-mir-7162,2,2,0,0.0,,0.3886
hsa-mir-1303,2,0,2,0.0,,0.7348
hsa-mir-3682,2,1,1,0.5,1.0,0.4717
hsa-mir-4253,2,1,1,1.0,1.0,0.4779
hsa-mir-3183,2,0,2,0.5,,0.4803
hsa-mir-7111,2,0,2,1.0,,0.3586
hsa-mir-6127,2,2,0,0.5,,0.4994
hsa-mir-4309,2,0,2,1.0,,0.3069
hsa-mir-7705,2,1,1,0.5,1.0,0.2765
hsa-mir-3135a,2,0,2,1.0,,0.2284
hsa-mir-376c,2,2,0,0.0,,0.3709
hsa-mir-4680,2,1,1,0.0,0.0,0.6066
hsa-mir-3689d-1,2,1,1,0.5,1.0,0.7373
hsa-mir-1539,2,1,1,0.5,1.0,0.1613
hsa-mir-5087,2,0,2,1.0,,0.4635
hsa-mir-597,2,0,2,0.5,,0.5479
hsa-mir-1290,2,0,2,1.0,,0.3287
hsa-mir-339,2,1,1,0.5,0.0,0.697
hsa-mir-6762,2,1,1,0.5,1.0,0.2594
hsa-mir-4651,2,1,1,0.5,0.0,0.3746
hsa-mir-6754,2,2,0,1.0,,0.6338
hsa-mir-12136,2,1,1,0.5,0.0,0.4096
hsa-mir-4521,2,1,1,0.5,1.0,0.4086
hsa-mir-892a,2,2,0,1.0,,0.7021
hsa-mir-6805,2,0,2,1.0,,0.351
hsa-mir-2277,2,0,2,1.0,,0.4774
hsa-mir-421,2,1,1,0.5,0.0,0.3335
hsa-mir-185,2,2,0,0.0,,0.2401
hsa-mir-4638,2,0,2,1.0,,0.2742
hsa-mir-3689e,2,2,0,0.0,,0.2393
hsa-mir-1292,2,1,1,0.5,0.0,0.4187
hsa-mir-548l,2,0,2,1.0,,0.0704
hsa-mir-577,2,0,2,1.0,,0.4102
hsa-mir-1199,2,1,1,0.5,1.0,0.2625
hsa-mir-4782,2,0,2,1.0,,0.3626
hsa-mir-4737,2,0,2,1.0,,0.1664
hsa-mir-4797,2,2,0,0.5,,0.4806
hsa-mir-198,2,2,0,0.0,,0.2991
hsa-mir-17,2,2,0,1.0,,0.8607
hsa-mir-6892,2,0,2,0.0,,0.6045
hsa-mir-5193,2,0,2,1.0,,0.435
hsa-mir-4740,2,2,0,0.0,,0.3831
hsa-mir-3714,2,0,2,0.5,,0.5067
hsa-mir-1276,2,2,0,1.0,,0.7459
hsa-mir-1255b-1,2,0,2,1.0,,0.2669
hsa-mir-1269b,2,0,2,1.0,,0.1585
hsa-mir-4318,2,0,2,1.0,,0.2697
hsa-mir-6736,2,1,1,0.5,0.0,0.3277
hsa-mir-12119,2,0,2,1.0,,0.3945
hsa-mir-10392,2,1,1,0.5,0.0,0.4444
hsa-mir-4432,2,0,2,1.0,,0.461
hsa-mir-495,2,2,0,1.0,,0.7198
hsa-mir-6776,2,1,1,0.5,0.0,0.2892
hsa-mir-6743,2,1,1,0.5,1.0,0.3132
hsa-mir-3142,2,0,2,1.0,,0.3128
hsa-mir-3124,2,0,2,1.0,,0.2326
hsa-mir-668,2,2,0,0.5,,0.4702
hsa-mir-7150,2,0,2,1.0,,0.1495
hsa-mir-570,2,1,1,0.5,1.0,0.291
hsa-mir-6721,2,2,0,0.0,,0.2419
hsa-mir-320b-1,2,2,0,0.0,,0.4127
hsa-mir-3144,2,0,2,0.0,,0.5148
hsa-mir-6785,2,2,0,0.5,,0.4963
hsa-mir-92a-1,2,1,1,0.5,0.0,0.795
hsa-mir-567,2,2,0,0.0,,0.1362
hsa-mir-3176,2,0,2,1.0,,0.2234
hsa-mir-5682,2,0,2,1.0,,0.2536
hsa-mir-450a-1,2,2,0,1.0,,0.7746
hsa-mir-186,2,2,0,0.0,,0.434
hsa-mir-324,2,2,0,0.0,,0.2659
hsa-mir-4264,2,1,1,0.5,0.0,0.3067
hsa-mir-412,2,0,2,0.5,,0.4979
hsa-mir-1343,2,0,2,0.0,,0.5082
hsa-mir-1255a,2,0,2,0.0,,0.8998
hsa-let-7c,2,2,0,0.5,,0.4988
hsa-mir-3978,2,0,2,1.0,,0.4714
hsa-mir-5688,2,0,2,0.0,,0.5659
hsa-mir-451a,2,2,0,0.0,,0.4411
hsa-mir-494,2,2,0,1.0,,0.6333
hsa-mir-616,2,2,0,0.5,,0.4623
hsa-mir-5681a,2,0,2,0.0,,0.5882
hsa-mir-4658,2,2,0,0.0,,0.2264
hsa-mir-486-1,2,2,0,0.0,,0.338
hsa-mir-6826,2,0,2,1.0,,0.4253
hsa-mir-33a,2,2,0,0.0,,0.4387
hsa-mir-6717,2,0,2,1.0,,0.4108
hsa-mir-492,2,1,1,0.5,1.0,0.7154
hsa-mir-1208,2,0,2,1.0,,0.4044
hsa-mir-512-1,2,0,2,0.0,,0.6849
hsa-mir-3612,2,0,2,1.0,,0.419
hsa-mir-24-2,2,2,0,1.0,,0.6183
hsa-mir-4636,2,0,2,1.0,,0.1397
hsa-mir-3188,2,1,1,0.5,0.0,0.7804
hsa-mir-1233-1,2,0,2,1.0,,0.3313
hsa-mir-199b,2,1,1,0.5,0.0,0.7396
hsa-mir-5194,2,1,1,0.5,0.0,0.5355
hsa-mir-6766,2,1,1,0.5,1.0,0.4861
hsa-mir-589,2,0,2,0.0,,0.5985
hsa-mir-4786,2,0,2,0.0,,0.5504
hsa-mir-4681,2,0,2,1.0,,0.1938
hsa-mir-6082,2,0,2,1.0,,0.4268
hsa-mir-3166,2,1,1,0.5,0.0,0.5963
hsa-mir-4453,2,1,1,0.5,1.0,0.8325
hsa-mir-92a-2,2,2,0,1.0,,0.6497
hsa-mir-10396a,2,0,2,1.0,,0.3189
hsa-mir-6753,2,2,0,0.0,,0.481
hsa-mir-4725,2,0,2,0.5,,0.587
hsa-mir-6131,2,0,2,1.0,,0.4665
hsa-mir-372,2,2,0,0.0,,0.288
hsa-mir-7846,2,0,2,1.0,,0.3819
hsa-mir-548o,2,1,1,0.5,1.0,0.3808
hsa-mir-3690-1,2,0,2,1.0,,0.3156
hsa-mir-922,2,1,1,1.0,1.0,0.4653
hsa-mir-105-2,2,2,0,0.5,,0.5064
hsa-mir-9851,2,1,1,0.5,0.0,0.5359
hsa-mir-8067,2,0,2,1.0,,0.2488
hsa-mir-1206,2,1,1,0.5,1.0,0.3344
hsa-mir-12124,2,0,2,1.0,,0.4699
hsa-mir-143,2,2,0,0.0,,0.4039
hsa-mir-99b,2,2,0,0.0,,0.2928
hsa-mir-8064,2,0,2,0.0,,0.5727
hsa-mir-4298,2,0,2,1.0,,0.2731
hsa-mir-4698,2,0,2,1.0,,0.333
hsa-mir-5696,2,1,1,0.5,1.0,0.7424
hsa-mir-6727,2,0,2,0.0,,0.5239
hsa-mir-12122,2,0,2,0.0,,0.7298
hsa-mir-378e,2,0,2,1.0,,0.1573
hsa-mir-4724,2,1,1,0.5,0.0,0.8775
hsa-mir-619,2,2,0,1.0,,0.8175
hsa-mir-1322,2,0,2,0.5,,0.4729
hsa-mir-1197,2,2,0,1.0,,0.9761
hsa-mir-5681b,2,0,2,1.0,,0.2021
hsa-mir-20a,2,2,0,0.5,,0.5011
hsa-mir-548a-3,2,1,1,0.5,0.0,0.4533
hsa-mir-4526,2,0,2,0.5,,0.6624
hsa-mir-4540,2,0,2,1.0,,0.3323
hsa-mir-187,2,0,2,0.0,,0.6
hsa-mir-5197,2,0,2,1.0,,0.2444
hsa-mir-4516,2,0,2,0.5,,0.5089
hsa-mir-5706,2,0,2,1.0,,0.2535
hsa-mir-596,2,0,2,1.0,,0.2898
hsa-mir-4642,2,0,2,1.0,,0.3939
hsa-mir-1302-1,2,0,2,0.0,,0.7181
hsa-mir-18a,2,2,0,0.0,,0.3292
hsa-mir-1913,2,2,0,0.0,,0.383
hsa-mir-181b-2,2,2,0,0.0,,0.2972
hsa-mir-7844,2,0,2,1.0,,0.4508
hsa-mir-3116-2,2,0,2,1.0,,0.2438
hsa-mir-584,2,2,0,0.0,,0.3588
hsa-mir-599,2,2,0,1.0,,0.5165
hsa-mir-4479,2,0,2,1.0,,0.4422
hsa-mir-944,2,0,2,0.0,,0.8414
hsa-mir-7843,2,0,2,1.0,,0.4525
hsa-mir-548aj-2,2,0,2,1.0,,0.4977
hsa-mir-30c-1,2,2,0,1.0,,0.5153
hsa-mir-6511a-4,2,0,2,1.0,,0.3564
hsa-mir-212,2,0,2,1.0,,0.3903
hsa-mir-7854,2,0,2,1.0,,0.1716
hsa-mir-891b,2,1,1,0.5,1.0,0.7864
hsa-mir-561,2,2,0,0.0,,0.1924
hsa-mir-203a,2,2,0,1.0,,0.5566
hsa-mir-526b,2,2,0,1.0,,0.793
hsa-mir-1283-1,2,2,0,1.0,,0.9862
hsa-mir-937,2,2,0,1.0,,0.573
hsa-mir-219a-1,2,2,0,0.5,,0.4953
hsa-mir-7106,2,1,1,0.5,0.0,0.2854
hsa-mir-4656,2,1,1,0.5,1.0,0.2824
hsa-mir-302d,2,1,1,0.0,0.0,0.4706
hsa-mir-519a-2,2,2,0,1.0,,0.99
hsa-mir-6765,2,1,1,0.5,1.0,0.5693
hsa-mir-6839,2,0,2,0.0,,0.8769
hsa-mir-1224,2,2,0,0.0,,0.4788
hsa-mir-4442,2,0,2,1.0,,0.2322
hsa-mir-4259,2,2,0,0.0,,0.3128
hsa-mir-4514,2,0,2,0.5,,0.4957
hsa-mir-548t,2,0,2,1.0,,0.1546
hsa-mir-7158,2,0,2,1.0,,0.2951
hsa-mir-1184-1,2,2,0,0.0,,0.4475
hsa-mir-2682,2,0,2,0.0,,0.887
hsa-mir-3663,2,0,2,0.0,,0.7006
hsa-mir-4645,2,0,2,0.0,,0.6397
hsa-mir-3167,2,1,1,0.5,1.0,0.6448
hsa-mir-4707,2,0,2,0.0,,0.5424
hsa-mir-4781,2,0,2,0.0,,0.6943
hsa-mir-769,2,0,2,0.0,,0.6677
hsa-mir-760,2,2,0,0.0,,0.263
hsa-mir-381,2,2,0,1.0,,0.8596
hsa-mir-657,2,2,0,1.0,,0.6111
hsa-mir-6077,2,0,2,0.0,,0.5308
hsa-mir-2909,2,0,2,1.0,,0.356
hsa-mir-12118,2,0,2,1.0,,0.4002
hsa-mir-449c,2,1,1,0.5,0.0,0.6088
hsa-mir-4297,2,0,2,0.0,,0.5486
hsa-mir-1306,2,2,0,1.0,,0.6319
hsa-mir-335,2,2,0,0.0,,0.296
hsa-mir-6739,2,0,2,1.0,,0.141
hsa-mir-432,2,2,0,1.0,,0.9096
hsa-mir-124-1,2,2,0,1.0,,0.6226
hsa-mir-146b,2,1,1,1.0,1.0,0.4365
hsa-mir-3683,2,0,2,0.0,,0.5831
hsa-mir-4452,2,0,2,0.0,,0.5504
hsa-mir-206,2,2,0,1.0,,0.566
hsa-mir-1253,2,0,2,0.0,,0.7796
hsa-mir-1289-2,2,0,2,1.0,,0.342
hsa-mir-8070,2,0,2,0.0,,0.8119
hsa-mir-532,2,2,0,0.0,,0.2443
hsa-mir-8081,2,0,2,1.0,,0.2939
hsa-mir-507,2,2,0,0.0,,0.4573
hsa-mir-8063,2,0,2,0.0,,0.6112
hsa-mir-548h-4,2,0,2,1.0,,0.2486
hsa-mir-302b,2,1,1,0.5,0.0,0.7812
hsa-mir-135a-2,2,2,0,1.0,,0.6394
hsa-mir-5195,2,1,1,0.5,1.0,0.6628
hsa-mir-5191,2,0,2,0.0,,0.6923
hsa-mir-192,2,2,0,0.0,,0.3626
hsa-mir-3916,2,0,2,0.0,,0.6698
hsa-mir-6800,2,2,0,1.0,,0.8124
hsa-mir-4427,2,0,2,0.0,,0.7457
hsa-mir-6730,2,1,1,0.5,0.0,0.5366
hsa-mir-548aw,2,1,1,0.5,0.0,0.1334
hsa-mir-609,2,0,2,0.0,,0.5255
hsa-mir-423,2,2,0,0.0,,0.2536
hsa-mir-2110,2,0,2,0.0,,0.933
hsa-mir-4267,2,0,2,0.5,,0.4613
hsa-mir-12132,2,0,2,0.0,,0.828
hsa-mir-4754,2,0,2,0.0,,0.6258
hsa-mir-5692a-1,2,1,1,0.5,0.0,0.3933
hsa-mir-526a-1,2,2,0,1.0,,0.9083
hsa-mir-466,2,0,2,1.0,,0.237
hsa-mir-936,2,0,2,1.0,,0.1155
hsa-mir-3130-2,2,1,1,0.5,1.0,0.1419
hsa-mir-6071,2,0,2,1.0,,0.1755
hsa-mir-4256,2,1,1,1.0,1.0,0.4747
hsa-mir-4294,2,1,1,0.5,0.0,0.5866
hsa-mir-942,2,1,1,0.5,0.0,0.5867
hsa-mir-3116-1,2,0,2,1.0,,0.1665
hsa-mir-3910-1,2,0,2,0.0,,0.7308
hsa-mir-520f,2,1,1,0.5,0.0,0.8873
hsa-mir-27a,2,1,1,0.5,1.0,0.3578
hsa-mir-4268,2,1,1,0.5,0.0,0.2848
hsa-mir-5692a-2,2,0,2,1.0,,0.2096
hsa-mir-544b,2,1,1,0.5,0.0,0.3438
hsa-mir-100,2,2,0,1.0,,0.7585
hsa-mir-4794,2,0,2,1.0,,0.3784
hsa-mir-1469,1,0,1,1.0,,0.3409
hsa-mir-4750,1,1,0,0.0,,0.3993
hsa-mir-6506,1,1,0,1.0,,0.6423
hsa-mir-1244-3,1,1,0,1.0,,0.8716
hsa-mir-1538,1,0,1,1.0,,0.3159
hsa-mir-6746,1,0,1,1.0,,0.3758
hsa-mir-6777,1,0,1,1.0,,0.25
hsa-mir-320e,1,0,1,1.0,,0.3621
hsa-mir-4733,1,0,1,1.0,,0.3337
hsa-mir-4780,1,0,1,1.0,,0.2527
hsa-mir-4674,1,0,1,0.0,,0.6993
hsa-mir-3610,1,1,0,1.0,,0.5022
hsa-mir-509-1,1,1,0,1.0,,0.6424
hsa-mir-3135b,1,0,1,1.0,,0.3213
hsa-mir-6828,1,0,1,1.0,,0.346
hsa-mir-4679-1,1,0,1,1.0,,0.3533
hsa-mir-4315-2,1,1,0,0.0,,0.4325
hsa-mir-4773-2,1,1,0,0.0,,0.3709
hsa-mir-19b-1,1,1,0,1.0,,0.6149
hsa-mir-8068,1,0,1,1.0,,0.3767
hsa-mir-29b-2,1,1,0,1.0,,0.5051
hsa-mir-517b,1,1,0,0.0,,0.4675
hsa-mir-6074,1,1,0,1.0,,0.5018
hsa-mir-6775,1,1,0,0.0,,0.3374
hsa-mir-1270,1,0,1,0.0,,0.6075
hsa-mir-564,1,1,0,1.0,,0.5612
hsa-mir-3678,1,0,1,0.0,,0.5554
hsa-mir-4708,1,0,1,0.0,,0.5811
hsa-mir-6883,1,1,0,0.0,,0.3356
hsa-mir-10395,1,0,1,1.0,,0.3146
hsa-mir-1843,1,0,1,0.0,,0.6053
hsa-mir-4463,1,0,1,1.0,,0.3781
hsa-mir-6848,1,1,0,0.0,,0.3976
hsa-mir-6770-3,1,0,1,0.0,,0.7468
hsa-mir-302e,1,1,0,0.0,,0.4887
hsa-mir-4436a,1,0,1,1.0,,0.3629
hsa-mir-6504,1,0,1,1.0,,0.1249
hsa-mir-600,1,0,1,0.0,,0.7953
hsa-mir-5707,1,0,1,1.0,,0.1409
hsa-mir-499b,1,0,1,1.0,,0.2658
hsa-mir-8082,1,1,0,0.0,,0.4085
hsa-mir-4424,1,0,1,0.0,,0.6864
hsa-mir-7849,1,0,1,1.0,,0.3209
hsa-mir-5701-3,1,1,0,1.0,,0.5212
hsa-mir-4688,1,1,0,0.0,,0.3946
hsa-mir-7973-2,1,1,0,0.0,,0.1985
hsa-mir-7975,1,1,0,0.0,,0.3598
hsa-mir-1180,1,1,0,1.0,,0.5004
hsa-mir-6795,1,1,0,0.0,,0.462
hsa-mir-4274,1,0,1,0.0,,0.5502
hsa-mir-6763,1,0,1,1.0,,0.3775
hsa-mir-4478,1,0,1,1.0,,0.2926
hsa-mir-122b,1,0,1,1.0,,0.383
hsa-mir-376a-2,1,1,0,1.0,,0.6314
hsa-mir-4749,1,0,1,1.0,,0.1916
hsa-mir-601,1,1,0,0.0,,0.351
hsa-mir-4303,1,0,1,1.0,,0.3375
hsa-mir-4635,1,0,1,1.0,,0.1338
hsa-mir-4756,1,0,1,1.0,,0.4976
hsa-mir-6816,1,0,1,1.0,,0.3781
hsa-mir-3923,1,1,0,1.0,,0.6517
hsa-mir-4763,1,0,1,1.0,,0.4962
hsa-mir-28,1,0,1,1.0,,0.4537
hsa-mir-4470,1,0,1,1.0,,0.2321
hsa-mir-4317,1,0,1,1.0,,0.3013
hsa-mir-378h,1,0,1,0.0,,0.6237
hsa-mir-6075,1,0,1,1.0,,0.4328
hsa-mir-4460,1,0,1,0.0,,0.5941
hsa-mir-4443,1,0,1,1.0,,0.3222
hsa-mir-7704,1,1,0,0.0,,0.3566
hsa-mir-1226,1,1,0,0.0,,0.3715
hsa-mir-6813,1,0,1,1.0,,0.0885
hsa-mir-181c,1,1,0,1.0,,0.7029
hsa-mir-4714,1,0,1,1.0,,0.4643
hsa-mir-934,1,0,1,1.0,,0.19
hsa-mir-3927,1,0,1,1.0,,0.3207
hsa-mir-4637,1,0,1,0.0,,0.7587
hsa-mir-4518,1,1,0,0.0,,0.4132
hsa-mir-548y,1,0,1,0.0,,0.5188
hsa-mir-548ab,1,0,1,0.0,,0.8558
hsa-mir-11399,1,0,1,0.0,,0.5638
hsa-mir-216a,1,0,1,0.0,,0.6951
hsa-mir-5585,1,0,1,1.0,,0.2524
hsa-mir-6806,1,0,1,1.0,,0.1609
hsa-mir-3130-1,1,0,1,1.0,,0.3561
hsa-mir-4657,1,0,1,1.0,,0.2079
hsa-mir-12117,1,1,0,0.0,,0.4394
hsa-mir-6850,1,0,1,1.0,,0.2337
hsa-mir-4494,1,0,1,1.0,,0.2081
hsa-mir-502,1,1,0,1.0,,0.6254
hsa-mir-6895,1,1,0,0.0,,0.3124
hsa-mir-196a-1,1,1,0,0.0,,0.2397
hsa-mir-301a,1,1,0,0.0,,0.3805
hsa-mir-302c,1,1,0,1.0,,0.6648
hsa-mir-4302,1,0,1,1.0,,0.1933
hsa-mir-4320,1,0,1,1.0,,0.1831
hsa-mir-3680-1,1,0,1,0.0,,0.7104
hsa-mir-6824,1,1,0,0.0,,0.3483
hsa-mir-8062,1,0,1,0.0,,0.9769
hsa-mir-500a,1,1,0,1.0,,0.5086
hsa-mir-4729,1,0,1,1.0,,0.1926
hsa-mir-4515,1,0,1,0.0,,0.507
hsa-mir-6885,1,0,1,1.0,,0.2688
hsa-mir-1914,1,1,0,1.0,,0.5566
hsa-mir-1203,1,0,1,1.0,,0.489
hsa-mir-5007,1,0,1,1.0,,0.4056
hsa-mir-4779,1,0,1,1.0,,0.3787
hsa-mir-4721,1,1,0,0.0,,0.2082
hsa-mir-8065,1,0,1,0.0,,0.7792
hsa-mir-5689,1,0,1,0.0,,0.9243
hsa-mir-556,1,1,0,0.0,,0.2256
hsa-mir-3177,1,0,1,0.0,,0.732
hsa-mir-6511a-3,1,0,1,1.0,,0.4974
hsa-mir-4999,1,0,1,0.0,,0.759
hsa-mir-3924,1,0,1,1.0,,0.425
hsa-mir-511,1,0,1,0.0,,0.8724
hsa-mir-4454,1,0,1,1.0,,0.1615
hsa-mir-6511a-1,1,0,1,0.0,,0.5116
hsa-mir-550a-3,1,0,1,0.0,,0.6122
hsa-mir-652,1,0,1,0.0,,0.5022
hsa-mir-3666,1,1,0,1.0,,0.6153
hsa-mir-4476,1,0,1,1.0,,0.3016
hsa-mir-4700,1,0,1,1.0,,0.2272
hsa-mir-642a,1,0,1,0.0,,0.8795
hsa-mir-6501,1,1,0,1.0,,0.7408
hsa-mir-205,1,1,0,1.0,,0.5866
hsa-mir-664b,1,1,0,0.0,,0.2205
hsa-mir-7845,1,0,1,1.0,,0.3474
hsa-mir-5587,1,0,1,1.0,,0.2033
hsa-mir-29c,1,1,0,1.0,,0.8768
hsa-mir-1296,1,1,0,1.0,,0.874
hsa-mir-513c,1,0,1,0.0,,0.6138
hsa-mir-1256,1,1,0,1.0,,0.7782
hsa-mir-611,1,0,1,1.0,,0.1707
hsa-mir-4769,1,0,1,1.0,,0.4343
hsa-mir-3619,1,0,1,1.0,,0.2738
hsa-mir-6832,1,1,0,0.0,,0.2243
hsa-mir-4434,1,1,0,0.0,,0.1178
hsa-mir-6090,1,0,1,0.0,,0.5656
hsa-mir-1302-10,1,0,1,0.0,,0.5316
hsa-mir-3977,1,0,1,0.0,,0.5165
hsa-mir-1912,1,0,1,0.0,,0.5038
hsa-mir-298,1,1,0,0.0,,0.1977
hsa-mir-6875,1,0,1,1.0,,0.3584
hsa-mir-5591,1,0,1,1.0,,0.2431
hsa-mir-125a,1,1,0,0.0,,0.1848
hsa-mir-5008,1,0,1,0.0,,0.6515
hsa-mir-7107,1,0,1,0.0,,0.6608
hsa-mir-224,1,0,1,0.0,,0.7283
hsa-mir-137,1,1,0,1.0,,0.7165
hsa-mir-4679-2,1,0,1,1.0,,0.3161
hsa-mir-374b,1,1,0,0.0,,0.4455
hsa-mir-4791,1,0,1,1.0,,0.3344
hsa-mir-6865,1,1,0,0.0,,0.3676
hsa-mir-326,1,0,1,0.0,,0.5607
hsa-mir-3940,1,1,0,1.0,,0.6313
hsa-mir-2116,1,1,0,0.0,,0.3693
hsa-mir-548a-1,1,0,1,1.0,,0.2697
hsa-mir-4469,1,0,1,1.0,,0.4013
hsa-mir-26a-2,1,1,0,0.0,,0.4184
hsa-mir-548at,1,0,1,1.0,,0.3235
hsa-mir-4321,1,1,0,1.0,,0.552
hsa-mir-4649,1,0,1,1.0,,0.3975
hsa-mir-1252,1,0,1,1.0,,0.2053
hsa-mir-4305,1,1,0,1.0,,0.7666
hsa-mir-554,1,0,1,0.0,,0.5402
hsa-mir-30b,1,1,0,1.0,,0.9181
hsa-mir-7110,1,0,1,1.0,,0.4575
hsa-mir-8072,1,0,1,1.0,,0.4486
hsa-mir-648,1,1,0,0.0,,0.3374
hsa-mir-6893,1,1,0,0.0,,0.4111
hsa-mir-4752,1,0,1,1.0,,0.3928
hsa-mir-941-1,1,1,0,0.0,,0.2455
hsa-mir-5702,1,0,1,0.0,,0.7107
hsa-mir-8075,1,0,1,1.0,,0.4575
hsa-mir-378d-2,1,0,1,1.0,,0.4839
hsa-mir-3118-3,1,0,1,1.0,,0.2127
hsa-mir-3660,1,0,1,1.0,,0.4763
hsa-mir-5091,1,1,0,0.0,,0.2181
hsa-mir-548f-5,1,0,1,0.0,,0.6806
hsa-mir-4778,1,0,1,0.0,,0.5357
hsa-mir-8084,1,0,1,1.0,,0.4993
hsa-mir-153-1,1,1,0,1.0,,0.7416
hsa-mir-367,1,1,0,0.0,,0.4176
hsa-mir-4468,1,0,1,1.0,,0.233
hsa-mir-5002,1,0,1,1.0,,0.4551
hsa-mir-3649,1,0,1,1.0,,0.2305
hsa-mir-548ai,1,0,1,0.0,,0.5233
hsa-mir-563,1,1,0,1.0,,0.5816
hsa-mir-3664,1,0,1,1.0,,0.4992
hsa-mir-548u,1,0,1,1.0,,0.4442
hsa-mir-4280,1,0,1,1.0,,0.3872
hsa-mir-6867,1,0,1,1.0,,0.4023
hsa-mir-551a,1,0,1,0.0,,0.6691
hsa-mir-6853,1,1,0,0.0,,0.3212
hsa-mir-2053,1,0,1,0.0,,0.5309
hsa-mir-630,1,1,0,1.0,,0.6001
hsa-mir-7850,1,0,1,1.0,,0.2842
hsa-mir-6072,1,0,1,1.0,,0.4728
hsa-mir-4727,1,0,1,1.0,,0.2225
hsa-mir-1237,1,1,0,1.0,,0.6381
hsa-mir-193a,1,0,1,1.0,,0.375
hsa-mir-1298,1,0,1,0.0,,0.5492
hsa-mir-152,1,1,0,0.0,,0.4269
hsa-mir-1284,1,0,1,0.0,,0.611
hsa-mir-583,1,0,1,1.0,,0.4173
hsa-mir-4722,1,1,0,0.0,,0.3448
hsa-mir-548bc,1,0,1,0.0,,0.6503
hsa-mir-4690,1,0,1,1.0,,0.3499
hsa-mir-4475,1,0,1,1.0,,0.1811
hsa-mir-4691,1,1,0,0.0,,0.2189
hsa-mir-4426,1,0,1,1.0,,0.3975
hsa-mir-487a,1,1,0,0.0,,0.4534
hsa-mir-3119-2,1,0,1,1.0,,0.4217
hsa-mir-6860,1,0,1,1.0,,0.2479
hsa-mir-6836,1,0,1,1.0,,0.207
hsa-mir-1272,1,1,0,1.0,,0.5642
hsa-mir-3137,1,0,1,1.0,,0.4341
hsa-mir-548ay,1,0,1,1.0,,0.4007
hsa-mir-12130,1,0,1,0.0,,0.5839
hsa-mir-1908,1,1,0,1.0,,0.5711
hsa-mir-3156-2,1,1,0,0.0,,0.4703
hsa-mir-3606,1,1,0,0.0,,0.3329
hsa-mir-3198-1,1,0,1,1.0,,0.4208
hsa-mir-29a,1,1,0,0.0,,0.1543
hsa-mir-4511,1,0,1,1.0,,0.459
hsa-mir-320d-2,1,0,1,1.0,,0.3943
hsa-mir-126,1,1,0,0.0,,0.3975
hsa-mir-4519,1,0,1,1.0,,0.2346
hsa-mir-3677,1,0,1,1.0,,0.3482
hsa-mir-4502,1,0,1,0.0,,0.5824
hsa-mir-15b,1,1,0,0.0,,0.4943
hsa-mir-378d-1,1,0,1,1.0,,0.2242
hsa-mir-1245b,1,0,1,1.0,,0.2855
hsa-mir-6768,1,1,0,0.0,,0.3575
hsa-mir-4328,1,0,1,1.0,,0.2143
hsa-mir-515-2,1,1,0,1.0,,0.9515
hsa-mir-96,1,1,0,0.0,,0.4619
hsa-mir-676,1,0,1,1.0,,0.215
hsa-mir-4687,1,1,0,1.0,,0.6462
hsa-mir-509-3,1,1,0,0.0,,0.4528
hsa-mir-1271,1,1,0,1.0,,0.9309
hsa-mir-219a-2,1,1,0,1.0,,0.5937
hsa-mir-6858,1,0,1,1.0,,0.2768
hsa-mir-941-4,1,0,1,1.0,,0.3915
hsa-mir-1587,1,0,1,1.0,,0.4256
hsa-mir-4661,1,0,1,1.0,,0.1519
hsa-mir-548h-5,1,0,1,1.0,,0.1447
hsa-mir-1972-2,1,0,1,1.0,,0.2325
hsa-mir-302f,1,0,1,1.0,,0.1158
hsa-mir-1302-2,1,1,0,1.0,,0.713
hsa-mir-4764,1,0,1,1.0,,0.4458
hsa-mir-204,1,1,0,1.0,,0.5589
hsa-mir-3178,1,1,0,0.0,,0.4872
hsa-mir-6821,1,1,0,0.0,,0.3283
hsa-mir-7515,1,0,1,1.0,,0.4469
hsa-mir-548s,1,1,0,1.0,,0.5207
hsa-mir-4652,1,0,1,1.0,,0.4947
hsa-mir-4801,1,1,0,0.0,,0.4989
hsa-mir-631,1,1,0,0.0,,0.2031
hsa-mir-146a,1,0,1,0.0,,0.5803
hsa-mir-3193,1,0,1,1.0,,0.3277
hsa-mir-3913-1,1,1,0,0.0,,0.456
hsa-mir-5680,1,0,1,1.0,,0.3233
hsa-mir-5708,1,0,1,1.0,,0.2544
hsa-mir-181a-2,1,1,0,0.0,,0.4448
hsa-mir-8060,1,0,1,1.0,,0.4963
hsa-mir-12121,1,0,1,1.0,,0.4477
hsa-mir-6499,1,0,1,1.0,,0.4859
hsa-mir-6732,1,1,0,0.0,,0.4031
hsa-mir-646,1,0,1,0.0,,0.5057
hsa-mir-4686,1,0,1,1.0,,0.4643
hsa-mir-4428,1,0,1,1.0,,0.451
hsa-mir-7154,1,0,1,1.0,,0.3973
hsa-mir-6843,1,0,1,0.0,,0.6971
hsa-mir-575,1,0,1,0.0,,0.6507
hsa-mir-1258,1,0,1,1.0,,0.182
hsa-mir-548i-4,1,0,1,1.0,,0.1901
hsa-mir-4731,1,0,1,1.0,,0.3645
hsa-mir-3164,1,1,0,0.0,,0.2207
hsa-mir-586,1,0,1,1.0,,0.3421
hsa-mir-6134,1,0,1,0.0,,0.7034
hsa-mir-330,1,1,0,0.0,,0.4471
hsa-mir-624,1,0,1,1.0,,0.4733
hsa-mir-4667,1,1,0,0.0,,0.404
hsa-mir-2861,1,1,0,0.0,,0.4464
hsa-mir-4330,1,0,1,0.0,,0.6422
hsa-mir-6742,1,0,1,1.0,,0.4624
hsa-mir-6790,1,1,0,0.0,,0.2644
hsa-mir-6780a,1,0,1,1.0,,0.4057
hsa-mir-6514,1,1,0,0.0,,0.2627
hsa-mir-9903,1,0,1,1.0,,0.2744
hsa-mir-6083,1,0,1,0.0,,0.5892
hsa-mir-4481,1,0,1,1.0,,0.337
hsa-mir-4420,1,1,0,1.0,,0.6208
hsa-mir-4505,1,0,1,1.0,,0.3475
hsa-mir-557,1,0,1,1.0,,0.4456
hsa-mir-3129,1,0,1,1.0,,0.3868
hsa-mir-3654,1,0,1,1.0,,0.378
hsa-mir-7160,1,0,1,0.0,,0.5397
hsa-mir-1468,1,0,1,1.0,,0.2786
hsa-mir-6871,1,0,1,1.0,,0.3446
hsa-mir-645,1,1,0,0.0,,0.4081
hsa-mir-215,1,1,0,1.0,,0.8688
hsa-let-7e,1,1,0,1.0,,0.5412
hsa-mir-802,1,1,0,1.0,,0.7198
hsa-mir-559,1,0,1,0.0,,0.8555
hsa-mir-4457,1,0,1,0.0,,0.5738
hsa-mir-4765,1,0,1,1.0,,0.4691
hsa-mir-6891,1,1,0,0.0,,0.3464
hsa-mir-4775,1,0,1,1.0,,0.2425
hsa-mir-6819,1,1,0,0.0,,0.3705
hsa-mir-5186,1,0,1,0.0,,0.6565
hsa-mir-615,1,0,1,1.0,,0.3268
hsa-mir-6769b,1,0,1,1.0,,0.4255
hsa-mir-6827,1,0,1,1.0,,0.3625
hsa-mir-1269a,1,0,1,1.0,,0.3842
hsa-mir-138-2,1,0,1,1.0,,0.3158
hsa-mir-4660,1,1,0,1.0,,0.5008
hsa-mir-5692b,1,0,1,0.0,,0.557
hsa-mir-33b,1,1,0,1.0,,0.5527
hsa-mir-889,1,1,0,1.0,,0.5853
hsa-mir-1245a,1,0,1,1.0,,0.3074
hsa-mir-3622b,1,0,1,0.0,,0.6352
hsa-mir-3918,1,0,1,0.0,,0.6119
hsa-mir-3161,1,0,1,1.0,,0.4164
hsa-mir-4530,1,0,1,1.0,,0.2576
hsa-mir-4771-2,1,0,1,0.0,,0.5043
hsa-mir-4524b,1,0,1,0.0,,0.5253
hsa-mir-519e,1,1,0,0.0,,0.4234
hsa-mir-4695,1,0,1,0.0,,0.5953
hsa-mir-3910-2,1,0,1,1.0,,0.388
hsa-mir-4441,1,0,1,0.0,,0.7196
hsa-mir-7853,1,1,0,1.0,,0.7373
hsa-mir-3671,1,0,1,1.0,,0.3029
hsa-mir-200b,1,0,1,0.0,,0.5281
hsa-mir-576,1,0,1,1.0,,0.2524
hsa-mir-517a,1,1,0,1.0,,0.8316
hsa-mir-3133,1,0,1,1.0,,0.2625
hsa-mir-302a,1,0,1,1.0,,0.3158
hsa-mir-4803,1,0,1,1.0,,0.3638
hsa-mir-4271,1,1,0,0.0,,0.2507
hsa-mir-378c,1,0,1,0.0,,0.8162
hsa-mir-4433b,1,0,1,0.0,,0.5724
hsa-mir-483,1,1,0,0.0,,0.4524
hsa-mir-3156-3,1,0,1,1.0,,0.4691
hsa-mir-938,1,0,1,0.0,,0.5399
hsa-let-7b,1,1,0,0.0,,0.3389
hsa-mir-4655,1,0,1,1.0,,0.3981
hsa-mir-148a,1,1,0,0.0,,0.3191
hsa-mir-3141,1,0,1,1.0,,0.1269
hsa-mir-876,1,0,1,0.0,,0.8526
hsa-mir-4646,1,0,1,1.0,,0.3076
hsa-mir-133a-1,1,1,0,0.0,,0.4388
hsa-mir-6761,1,0,1,1.0,,0.4241
hsa-mir-4705,1,0,1,0.0,,0.6071
hsa-mir-101-2,1,1,0,1.0,,0.5798
hsa-mir-12128,1,0,1,0.0,,0.5869
hsa-mir-429,1,1,0,1.0,,0.5538
hsa-mir-3621,1,0,1,0.0,,0.5376
hsa-mir-6841,1,1,0,1.0,,0.7208
hsa-mir-5691,1,0,1,1.0,,0.363
hsa-mir-4498,1,1,0,1.0,,0.8033
hsa-mir-20b,1,1,0,0.0,,0.2419
hsa-mir-6801,1,0,1,1.0,,0.1815
hsa-mir-3675,1,0,1,1.0,,0.4086
hsa-mir-513b,1,0,1,0.0,,0.5593
hsa-mir-4270,1,0,1,1.0,,0.4815
hsa-mir-614,1,1,0,1.0,,0.6981
hsa-mir-5011,1,0,1,0.0,,0.7132
hsa-mir-665,1,1,0,0.0,,0.3143
hsa-mir-6863,1,0,1,1.0,,0.2697
hsa-mir-377,1,1,0,1.0,,0.673
hsa-mir-188,1,1,0,1.0,,0.7677
hsa-mir-6809,1,0,1,0.0,,0.7903
hsa-mir-2278,1,0,1,0.0,,0.8474
hsa-mir-548z,1,0,1,1.0,,0.3628
hsa-mir-5695,1,1,0,0.0,,0.3289
hsa-mir-4747,1,0,1,1.0,,0.3803
hsa-mir-4487,1,0,1,1.0,,0.3051
hsa-mir-643,1,1,0,1.0,,0.5641
hsa-mir-3667,1,0,1,1.0,,0.4759
hsa-mir-6756,1,1,0,0.0,,0.4545
hsa-mir-3127,1,0,1,1.0,,0.1489
hsa-mir-1193,1,1,0,1.0,,0.8021
hsa-mir-7852,1,0,1,1.0,,0.3857
hsa-mir-8069-2,1,0,1,1.0,,0.318
hsa-mir-7974,1,1,0,0.0,,0.0609
hsa-mir-6838,1,0,1,1.0,,0.3533
hsa-mir-544a,1,1,0,0.0,,0.3313
hsa-mir-548ac,1,0,1,1.0,,0.3934
hsa-mir-4697,1,0,1,1.0,,0.4267
hsa-mir-891a,1,0,1,0.0,,0.7377
hsa-mir-548aq,1,0,1,1.0,,0.3281
hsa-mir-141,1,1,0,0.0,,0.4685
hsa-mir-5188,1,0,1,1.0,,0.2474
hsa-mir-6873,1,1,0,0.0,,0.2737
hsa-mir-548h-1,1,1,0,0.0,,0.075
hsa-mir-4745,1,1,0,0.0,,0.3264
hsa-mir-3976,1,0,1,0.0,,0.77
hsa-mir-3972,1,0,1,1.0,,0.3773
hsa-mir-6165,1,0,1,1.0,,0.3822
hsa-mir-4742,1,1,0,1.0,,0.6173
hsa-mir-759,1,0,1,1.0,,0.1754
hsa-mir-4480,1,0,1,1.0,,0.2364
hsa-mir-7977,1,0,1,1.0,,0.4275
hsa-mir-3134,1,1,0,0.0,,0.4099
hsa-mir-6729,1,0,1,1.0,,0.1182
hsa-mir-4771-1,1,0,1,1.0,,0.0762
hsa-mir-3617,1,0,1,1.0,,0.4029
hsa-mir-4422,1,1,0,1.0,,0.5072
hsa-mir-2681,1,0,1,1.0,,0.2258
hsa-mir-4790,1,0,1,1.0,,0.244
hsa-mir-4312,1,0,1,1.0,,0.2172
hsa-mir-4643,1,0,1,1.0,,0.472
hsa-mir-3171,1,0,1,1.0,,0.2054
hsa-mir-25,1,1,0,0.0,,0.2104
hsa-mir-9900,1,0,1,1.0,,0.4206
hsa-mir-6068,1,0,1,0.0,,0.6908
hsa-mir-4663,1,0,1,1.0,,0.3845
hsa-mir-4435-1,1,0,1,1.0,,0.338
hsa-mir-548ar,1,0,1,1.0,,0.3709
hsa-mir-4666b,1,0,1,1.0,,0.1307
hsa-mir-1282,1,1,0,0.0,,0.2148
hsa-mir-4284,1,0,1,1.0,,0.2712
hsa-mir-4692,1,0,1,1.0,,0.2904
hsa-mir-4474,1,0,1,1.0,,0.1828
hsa-mir-8054,1,0,1,1.0,,0.3724
hsa-mir-4644,1,0,1,1.0,,0.3443
hsa-mir-34c,1,1,0,1.0,,0.5069
hsa-mir-660,1,1,0,0.0,,0.416
hsa-mir-3609,1,0,1,1.0,,0.1921
hsa-mir-4296,1,0,1,0.0,,0.566
hsa-mir-6769a,1,0,1,0.0,,0.5201
hsa-mir-484,1,1,0,0.0,,0.2938
hsa-mir-1268a,1,0,1,1.0,,0.2558
hsa-mir-101-1,1,1,0,0.0,,0.3723
hsa-mir-18b,1,1,0,0.0,,0.3781
hsa-mir-130a,1,1,0,1.0,,0.6302
hsa-mir-633,1,0,1,0.0,,0.8894
hsa-let-7a-3,1,1,0,0.0,,0.2922
hsa-mir-103a-1,1,1,0,1.0,,0.8371
hsa-mir-4664,1,0,1,1.0,,0.4319
hsa-mir-10524,1,0,1,0.0,,0.6791
hsa-mir-4472-1,1,0,1,1.0,,0.2559
hsa-mir-4524a,1,0,1,1.0,,0.332
hsa-mir-6770-1,1,1,0,0.0,,0.2015
hsa-mir-3622a,1,0,1,1.0,,0.3483
hsa-mir-6859-4,1,1,0,0.0,,0.3464
hsa-mir-3941,1,1,0,1.0,,0.7088
hsa-mir-641,1,1,0,0.0,,0.309
hsa-mir-196b,1,1,0,0.0,,0.1778
hsa-mir-941-2,1,0,1,1.0,,0.3555
hsa-mir-4703,1,1,0,1.0,,0.941
hsa-mir-1-1,1,0,1,1.0,,0.4711
hsa-mir-6773,1,1,0,1.0,,0.5494
hsa-mir-521-1,1,1,0,1.0,,0.8702
hsa-mir-3196,1,0,1,1.0,,0.1535
hsa-mir-4444-2,1,0,1,1.0,,0.3891
hsa-mir-3123,1,0,1,1.0,,0.434
hsa-mir-199a-1,1,0,1,1.0,,0.4973
hsa-mir-4744,1,1,0,1.0,,0.6304
hsa-mir-3159,1,0,1,1.0,,0.4847
hsa-mir-4784,1,0,1,0.0,,0.5507
hsa-mir-512-2,1,1,0,1.0,,0.608
hsa-mir-145,1,1,0,0.0,,0.2234
hsa-mir-603,1,0,1,1.0,,0.3077
hsa-mir-345,1,0,1,1.0,,0.4092
hsa-mir-4685,1,1,0,0.0,,0.4008
hsa-mir-4672,1,0,1,1.0,,0.2325
hsa-mir-10399,1,0,1,1.0,,0.1962
hsa-mir-6128,1,1,0,0.0,,0.3562
hsa-mir-6081,1,0,1,1.0,,0.451
hsa-mir-4671,1,0,1,0.0,,0.5293
hsa-mir-4650-2,1,0,1,1.0,,0.1753
hsa-mir-7112,1,0,1,1.0,,0.3743
hsa-mir-4802,1,0,1,1.0,,0.4007
hsa-mir-6130,1,0,1,1.0,,0.4002
hsa-mir-5092,1,0,1,0.0,,0.5527
hsa-mir-4445,1,0,1,1.0,,0.3884
hsa-mir-6786,1,0,1,1.0,,0.2753
hsa-mir-3907,1,0,1,1.0,,0.3019
hsa-mir-331,1,1,0,0.0,,0.3686
hsa-mir-4491,1,1,0,0.0,,0.3442
hsa-mir-933,1,0,1,1.0,,0.4881
hsa-mir-6133,1,0,1,0.0,,0.7182
hsa-mir-4283-2,1,0,1,1.0,,0.4819
hsa-mir-342,1,1,0,0.0,,0.4947
hsa-mir-4326,1,0,1,1.0,,0.0832
hsa-mir-548f-4,1,0,1,0.0,,0.8767
hsa-mir-3938,1,0,1,0.0,,0.5099
hsa-mir-6734,1,1,0,0.0,,0.3708
hsa-mir-4512,1,0,1,1.0,,0.3805
hsa-mir-6744,1,0,1,1.0,,0.164
hsa-mir-3189,1,1,0,0.0,,0.184
hsa-mir-622,1,0,1,0.0,,0.5645
hsa-mir-4286,1,0,1,1.0,,0.4476
hsa-mir-6799,1,0,1,1.0,,0.369
hsa-mir-4322,1,0,1,1.0,,0.3942
hsa-mir-5090,1,0,1,1.0,,0.3973
hsa-mir-4787,1,0,1,1.0,,0.2793
hsa-mir-6852,1,0,1,1.0,,0.3885
hsa-mir-1261,1,0,1,0.0,,0.5752
hsa-mir-1302-4,1,0,1,1.0,,0.4668
hsa-mir-147b,1,1,0,0.0,,0.4005
hsa-mir-608,1,0,1,0.0,,0.6781
hsa-mir-4739,1,0,1,1.0,,0.3155
hsa-mir-7851,1,0,1,0.0,,0.6129
hsa-mir-9898,1,1,0,0.0,,0.4194
hsa-mir-1275,1,0,1,0.0,,0.8053
hsa-mir-365b,1,1,0,0.0,,0.3141
hsa-mir-3128,1,0,1,1.0,,0.2863
hsa-mir-548c,1,0,1,1.0,,0.2861
hsa-mir-3119-1,1,0,1,1.0,,0.38
hsa-mir-3148,1,0,1,1.0,,0.3776
hsa-mir-4308,1,0,1,1.0,,0.4848
hsa-mir-651,1,0,1,0.0,,0.884
hsa-mir-4433a,1,0,1,1.0,,0.3129
hsa-mir-6780b,1,1,0,1.0,,0.5149
hsa-mir-6722,1,0,1,0.0,,0.5763
hsa-mir-4529,1,0,1,1.0,,0.2083
hsa-mir-7157,1,0,1,1.0,,0.239
hsa-mir-8057,1,0,1,1.0,,0.1808
hsa-mir-1263,1,0,1,0.0,,0.8918
hsa-mir-875,1,1,0,0.0,,0.4891
hsa-mir-514a-2,1,1,0,1.0,,0.6106
hsa-mir-12114,1,1,0,0.0,,0.1593
hsa-mir-574,1,0,1,0.0,,0.6091
hsa-mir-9-3,1,1,0,1.0,,0.5067
hsa-mir-6784,1,0,1,1.0,,0.4527
hsa-mir-1255b-2,1,0,1,1.0,,0.3094
hsa-mir-6823,1,0,1,1.0,,0.2562
hsa-mir-548ae-2,1,0,1,1.0,,0.3158
hsa-mir-3182,1,0,1,0.0,,0.6294
hsa-mir-3132,1,1,0,0.0,,0.3721
hsa-mir-4439,1,0,1,1.0,,0.4455
hsa-mir-6815,1,0,1,1.0,,0.2296
hsa-mir-6720,1,0,1,1.0,,0.3665
hsa-mir-92b,1,0,1,1.0,,0.3702
hsa-mir-4634,1,0,1,0.0,,0.5162
hsa-mir-1227,1,0,1,1.0,,0.4495
hsa-mir-7151,1,0,1,1.0,,0.2431
hsa-mir-4327,1,0,1,1.0,,0.4016
hsa-mir-5703,1,0,1,1.0,,0.2029
hsa-mir-4324,1,0,1,1.0,,0.1689
hsa-mir-363,1,1,0,1.0,,0.5644
hsa-mir-4509-3,1,0,1,1.0,,0.4569
hsa-mir-4423,1,0,1,1.0,,0.437
hsa-mir-3152,1,0,1,1.0,,0.3711
hsa-mir-4329,1,0,1,1.0,,0.1999
hsa-mir-4536-2,1,1,0,0.0,,0.1848
hsa-mir-3686,1,0,1,1.0,,0.1656
hsa-mir-1225,1,1,0,0.0,,0.2881
hsa-mir-593,1,0,1,0.0,,0.6778
hsa-mir-5579,1,0,1,1.0,,0.3267
hsa-mir-627,1,0,1,0.0,,0.883
hsa-let-7g,1,1,0,0.0,,0.1717
hsa-mir-1244-2,1,1,0,1.0,,0.8735
hsa-mir-637,1,1,0,0.0,,0.4056
hsa-mir-892c,1,0,1,0.0,,0.7752
hsa-mir-4517,1,0,1,0.0,,0.5849
hsa-mir-5009,1,0,1,1.0,,0.4332
hsa-mir-1250,1,1,0,0.0,,0.3735
hsa-mir-3136,1,1,0,1.0,,0.6073
hsa-mir-4641,1,0,1,1.0,,0.1301
hsa-mir-27b,1,1,0,1.0,,0.8911
hsa-mir-3922,1,0,1,1.0,,0.3638
hsa-mir-3659,1,0,1,0.0,,0.8421
hsa-mir-642b,1,0,1,1.0,,0.3021
hsa-mir-3665,1,1,0,0.0,,0.4437
hsa-mir-4712,1,0,1,0.0,,0.5077
hsa-mir-10398,1,0,1,1.0,,0.0429
hsa-mir-5588,1,0,1,1.0,,0.3536
hsa-mir-6870,1,1,0,0.0,,0.1759
hsa-mir-6879,1,0,1,1.0,,0.1566
hsa-mir-375,1,1,0,0.0,,0.3099
hsa-mir-5705,1,0,1,0.0,,0.7344
hsa-let-7f-2,1,1,0,0.0,,0.4921
hsa-mir-3674,1,0,1,1.0,,0.3752
hsa-mir-3147,1,1,0,0.0,,0.3145
hsa-mir-4798,1,0,1,1.0,,0.4403
hsa-mir-548k,1,0,1,0.0,,0.5293
hsa-mir-5694,1,0,1,1.0,,0.4393
hsa-mir-4257,1,0,1,1.0,,0.1834
hsa-mir-4804,1,0,1,0.0,,0.704
hsa-mir-7703,1,1,0,0.0,,0.3192
hsa-mir-767,1,1,0,1.0,,0.8972
hsa-mir-3691,1,0,1,1.0,,0.429
hsa-mir-6774,1,0,1,1.0,,0.3253
hsa-mir-4789,1,0,1,1.0,,0.3926
hsa-mir-4772,1,1,0,0.0,,0.3096
hsa-mir-4704,1,0,1,0.0,,0.7042
hsa-mir-552,1,0,1,0.0,,0.6458
hsa-mir-1295a,1,1,0,1.0,,0.5227
